id,text,score,pub_date,author,title_id
"1,""–°—Ç–∞–≤–ª—é –¥–µ—Å—è—Ç—å –∑–≤—ë–∑–¥!"
"...–≠—Ç–∏ –≥–æ–ª–æ—Å–∞ –±—ã–ª–∏ —á–∏—â–µ –∏ —Å–≤–µ—Ç–ª–µ–µ —Ç–µ—Ö, –æ –∫–æ—Ç–æ—Ä—ã—Ö –º–µ—á—Ç–∞–ª–∏ –≤ —ç—Ç–æ–º —Å–µ—Ä–æ–º, —É–±–æ–≥–æ–º –º–µ—Å—Ç–µ. –ö–∞–∫ –±—É–¥—Ç–æ –¥–≤–µ –ø—Ç–∏—á–∫–∏ –≤–ª–µ—Ç–µ–ª–∏ –∏ —Å–≤–æ–∏–º–∏ –≥–æ–ª–æ—Å–∞–º–∏ —Ä–∞–∑–≤–µ—è–ª–∏ —Å—Ç–µ–Ω—ã –Ω–∞—à–∏—Ö –∫–ª–µ—Ç–æ–∫, –∏ –Ω–∞ –∫–æ—Ä–æ—Ç–∫–∏–π –º–∏–≥ –∫–∞–∂–¥—ã–π —á–µ–ª–æ–≤–µ–∫ –≤ –®–æ—É—à–µ–Ω–∫–µ –ø–æ—á—É–≤—Å—Ç–≤–æ–≤–∞–ª —Å–µ–±—è —Å–≤–æ–±–æ–¥–Ω—ã–º."",10,2019-09-24T21:08:21.567Z,100,1"
"16,""–°—Ö–æ–¥–∏–ª–∞ –≤ –∫–∏–Ω–æ, —Ä–µ—à–∏–ª–∞ –Ω–∞–ø–∏—Å–∞—Ç—å: –¥—Ä–∞–π–≤ –∏ –æ–≥–æ–Ω—å, –Ω–æ –∏–Ω–æ–≥–¥–∞ –∫–∞–∫–æ–π-—Ç–æ –±—Ä–µ–¥ –Ω–∞ —ç–∫—Ä–∞–Ω–µ. –í —Å–µ—Ä–µ–¥–∏–Ω–µ —Ñ–∏–ª—å–º–∞ –ø—Ä–æ—Å—Ç–æ –æ—Ç–ª–∏—á–Ω—ã–µ –¥–∏–∞–ª–æ–≥–∏! –ü—É—Å—Ç—å –±—É–¥–µ—Ç 7"",7,2019-09-24T21:08:21.567Z,100,3"
"6,""–í—Å—ë, –∫–∞–∫ –≤ —Ä–∞–∑–Ω—ã—Ö —è–∑—ã–∫–∞—Ö –ø—Ä–æ–≥—Ä–∞–º–º–∏—Ä–æ–≤–∞–Ω–∏—è! –í –æ—Å–Ω–æ–≤–Ω–æ–º ‚Äî –ø–æ—Ö–æ–∂–µ, –Ω–æ –≤–æ—Ç —ç—Ç–∏ –º–∞–ª–µ–Ω—å–∫–∏–µ —Ä–∞–∑–ª–∏—á–∏—è –≤—ã–≤–æ–¥—è—Ç –∏–∑ —Å–µ–±—è. "
–í–µ–ª–∏–∫–∏–π —Ñ–∏–ª—å–º –Ω–∞ –≤—Å–µ —Å–ª—É—á–∞–∏ –∂–∏–∑–Ω–∏!
=====================================================
‚Äî –ê –∑–Ω–∞–µ—à—å, –∫–∞–∫ –≤ –ü–∞—Ä–∏–∂–µ –Ω–∞–∑—ã–≤–∞—é—Ç —á–µ—Ç–≤–µ—Ä—Ç—å—Ñ—É–Ω—Ç–æ–≤—ã–π —á–∏–∑–±—É—Ä–≥–µ—Ä?
‚Äî –ß—Ç–æ, –æ–Ω–∏ –Ω–µ –∑–æ–≤—É—Ç –µ–≥–æ —á–µ—Ç–≤–µ—Ä—Ç—å—Ñ—É–Ω—Ç–æ–≤—ã–π —á–∏–∑–±—É—Ä–≥–µ—Ä?
‚Äî –£ –Ω–∏—Ö —Ç–∞–º –º–µ—Ç—Ä–∏—á–µ—Å–∫–∞—è —Å–∏—Å—Ç–µ–º–∞. –û–Ω–∏ –≤–æ–æ–±—â–µ —Ç–∞–º –Ω–µ –ø–æ–Ω–∏–º–∞—é—Ç, —á—Ç–æ –∑–∞ —Ö—Ä–µ–Ω —á–µ—Ç–≤–µ—Ä—Ç—å —Ñ—É–Ω—Ç–∞.
‚Äî –ò –∫–∞–∫ –æ–Ω–∏ –µ–≥–æ –∑–æ–≤—É—Ç?
‚Äî –û–Ω–∏ –∑–æ–≤—É—Ç –µ–≥–æ ¬´–†–æ—è–ª —á–∏–∑–±—É—Ä–≥–µ—Ä¬ª.
‚Äî ¬´–†–æ—è–ª —á–∏–∑–±—É—Ä–≥–µ—Ä¬ª? –ê –∫–∞–∫ –∂–µ —Ç–æ–≥–¥–∞ –æ–Ω–∏ –∑–æ–≤—É—Ç ¬´–ë–∏–≥ –ú–∞–∫¬ª?
"‚Äî ¬´–ë–∏–≥ –ú–∞–∫¬ª —ç—Ç–æ ¬´–ë–∏–≥ –ú–∞–∫¬ª, —Ç–æ–ª—å–∫–æ –æ–Ω–∏ –Ω–∞–∑—ã–≤–∞—é—Ç –µ–≥–æ ¬´–õ—ë –ë–∏–≥ –ú–∞–∫¬ª."",8,2019-09-24T21:08:21.567Z,100,5"
"21,""–°–∫–∞—á–∞–ª, –ø–æ—Å–º–æ—Ç—Ä–µ–ª, –¥—É–º–∞—é, —á—Ç–æ —Å—Ü–µ–Ω–∞—Ä–∏–π –ø–æ–¥–∫–∞—á–∞–ª, –∑–∞—Ç–æ –ø–æ–¥–±–æ—Ä –∞–∫—Ç—ë—Ä–æ–≤ - —Å—É–ø–µ—Ä. –ù–∞—á–∞–ª–æ –Ω–µ–º–Ω–æ–≥–æ –∑–∞—Ç—è–Ω—É—Ç–æ, –¥–∞ –∏ –≤–æ–æ–±—â–µ –Ω–µ –æ—á–µ–Ω—å. –§–∏–ª—å–º –µ–¥–≤–∞ —Ç—è–Ω–µ—Ç –Ω–∞ 4"",4,2019-09-24T21:08:21.567Z,100,7"
"26,""–î–ª—è –ª—é–¥–µ–π, –∫–æ—Ç–æ—Ä—ã–µ —Ö–æ—Ç—è—Ç –ø–æ—Å–º–µ—è—Ç—å—Å—è –∏ –ø–æ–ª—É—á–∏—Ç—å –º–æ—Ä–µ —ç–º–æ—Ü–∏–π, —Ç–æ—Ç —Å–∞–º—ã–π —Ñ–∏–ª—å–º. –ú–Ω–µ –æ—á–µ–Ω—å –ø–æ–Ω—Ä–∞–≤–∏–ª—Å—è."",10,2019-09-24T21:08:21.567Z,100,9"
"31,""–¢—É–ø–µ–µ –Ω–µ –≤–∏–¥–µ–ª, —Å–º–æ—Ç—Ä–µ—Ç—å –Ω–µ –∏–Ω—Ç–µ—Ä–µ—Å–Ω–æ —Å–∫—É—á–Ω—è–∫"",1,2019-09-24T21:08:21.567Z,100,11"
"36,""–•–æ—Ç–µ–ª–æ—Å—å —É–π—Ç–∏ —É–∂–µ –Ω–∞ –¥–≤–∞–¥—Ü–∞—Ç–æ–π –º–∏–Ω—É—Ç–µ. –ù–µ–∏–Ω—Ç–µ—Ä–µ—Å–Ω–æ –∏ –Ω—É–¥–Ω–æ. –†–µ–∂–∏—Å—Å—É—Ä–∞ –Ω–µ –≤–ø–µ—á–∞—Ç–ª–∏–ª–∞, –Ω—É –ø—Ä–æ—Å—Ç–æ –Ω–µ–∏–Ω—Ç–µ—Ä–µ—Å–Ω–æ —Å–º–æ—Ç—Ä–µ—Ç—å –±—ã–ª–æ"",2,2019-09-24T21:08:21.567Z,100,13"
"41,""–ó—Ä—è –ø–æ—Ç–µ—Ä—è–Ω–Ω–æ–µ –≤—Ä–µ–º—è! –≠–º–æ—Ü–∏–∏ –ø–æ—Å–ª–µ –ø—Ä–æ—Å–º–æ—Ç—Ä–∞, - –±–µ–∑—ã—Å—Ö–æ–¥–Ω–æ—Å—Ç—å, –Ω–∏—á–µ–≥–æ —É–∂–µ –Ω–µ –∏–∑–º–µ–Ω–∏—à—å. –§–∏–ª—å–º –≤–æ–æ–±—â–µ –Ω–∏–∫–∞–∫–æ–π!!!"
"–ò –ø–æ—Å—Ç–∞–≤–∏–ª–∏ –µ–≥–æ –ª—é–¥–∏ –±–µ–∑–¥–∞—Ä–Ω—ã–µ –∏ –Ω–∏–∫—á—ë–º–Ω—ã–µ!!!"",1,2019-09-24T21:08:21.567Z,100,16"
"46,""–†–∞–∑–æ—á–∞—Ä–æ–≤–∞–Ω–∏–Ω–µ, –≤—ã—Ç–∞—â–∏–ª–∞ —Å–µ–±—è –≤ –∫–∏–Ω–æ, –∞ —Ç—É—Ç —Ç–∞–∫–æ–µ. –†–µ–∫–ª–∞–º–∞ —à–ª–∞ –º–Ω–æ–æ–æ–±–µ—â–∞—é—â–∞—è, –∞ –≤ —Ä–µ–∞–ª—å–Ω–æ—Å—Ç–∏ –≤—Å—ë –Ω–µ —Ç–æ"",2,2019-09-24T21:08:21.567Z,100,18"
"51,""–ü—Ä–æ—á–ª–∞ –æ—Ç –Ω–∞—á–∞–ª–∞ –¥–æ –∫–æ–Ω—Ü–∞, –Ω–µ –æ—Ç—Ä—ã–≤–∞—è—Å—å. –£–∂–∞—Å–Ω–∞—è –∫–Ω–∏–≥–∞, —á–µ–º—É –æ–Ω–∞ –º–æ–∂–µ—Ç –Ω–∞—É—á–∏—Ç—å –Ω–∞—à—É –º–æ–ª–æ–¥—ë–∂—å."",1,2019-09-24T21:08:21.567Z,100,21"
56,–ù–∏—á–µ–≥–æ –Ω–µ –ø–æ–Ω—è–ª,3,2019-09-24T21:08:21.567Z,100,23
66,–≠—Ç–æ –ø—Ä–æ—Å—Ç–æ ¬´–í–æ–π–Ω–∞ –∏ –º–∏—Ä¬ª –¥–ª—è –¥–µ—Ç–µ–π. –ß–∏—Ç–∞—Ç—å –≤—Å–µ–º,10,2019-09-24T21:08:21.567Z,100,25
71,–ù–µ—É–∂–µ–ª–∏ –ø–µ—Å–Ω—é –ø—Ä–æ –∞–∫–≤–∞–ª–∞–Ω–≥–∏—Å—Ç–æ–≤ –ø–µ—Ä–µ–≤–µ–ª–∏ –Ω–∞ –∞–Ω–≥–ª–∏–π—Å–∫–∏–π?! –ù—É –Ω–∞–∫–æ–Ω–µ—Ü-—Ç–æ! –ê–∫–≤–∞–ª–∞–Ω–≥–∏—Å—Ç—ã ‚Äî —ç—Ç–æ —Ö–æ—Ä–æ—à–æ!,10,2019-09-24T21:08:21.567Z,100,28
"74,""–°—Ç—Ä–∞–Ω–Ω–æ: –ú–æ—Ü–∞—Ä—Ç - –∞–≤—Å—Ç—Ä–∏–µ—Ü, –∞ –º–∞—Ä—à - —Ç—É—Ä–µ—Ü–∫–∏–π. –ù–µ –ø–æ–Ω–∏–º–∞—é, –∫–∞–∫ —Ç–∞–∫ –≤—ã—à–ª–æ. –ó–≤—É—á–∏—Ç –∫—Ä–∞—Å–∏–≤–æ, –Ω–æ –∑–∞ –≥–µ–æ–≥—Ä–∞—Ñ–∏—á–µ—Å–∫—É—é –ø—É—Ç–∞–Ω–∏—Ü—É —Å—Ç–∞–≤–ª—é –≤–æ—Å–µ–º—å"",8,2019-09-24T21:08:21.567Z,100,31"
"2,""–ù–µ –ø—Ä–∏–≤—ã–∫–∞–π"
"¬´–≠—Ç–∏ —Å—Ç–µ–Ω—ã –∏–º–µ—é—Ç –æ–¥–Ω–æ —Å–≤–æ–π—Å—Ç–≤–æ: —Å–Ω–∞—á–∞–ª–∞ —Ç—ã –∏—Ö –Ω–µ–Ω–∞–≤–∏–¥–∏—à—å, –ø–æ—Ç–æ–º –ø—Ä–∏–≤—ã–∫–∞–µ—à—å, –∞ –ø–æ—Ç–æ–º –Ω–µ –º–æ–∂–µ—à—å –±–µ–∑ –Ω–∏—Ö –∂–∏—Ç—å¬ª"",10,2019-09-24T21:08:21.567Z,101,1"
"17,""–°–º–æ—Ç—Ä–µ–ª, –Ω–µ –æ—Ç—Ä—ã–≤–∞—è—Å—å, —Ö–æ—á—É –æ–ø–∏—Å–∞—Ç—å —Å–≤–æ–∏ –≤–ø–µ—á–∞—Ç–ª–µ–Ω–∏—è. –ü–æ –º–æ–µ–º—É –º–Ω–µ–Ω–∏—é, —Å—Ü–µ–Ω–∞—Ä–∏–π –ø–æ–¥–∫–∞—á–∞–ª, –∑–∞—Ç–æ –ø–æ–¥–±–æ—Ä –∞–∫—Ç—ë—Ä–æ–≤ - —Å—É–ø–µ—Ä. –ù–∞—á–∞–ª–æ –Ω–µ–º–Ω–æ–≥–æ –∑–∞—Ç—è–Ω—É—Ç–æ. –û–ø–µ—Ä–∞—Ç–æ—Ä—É - –û—Å–∫–∞—Ä–∞! –í—Å—ë –æ—Å—Ç–∞–ª—å–Ω–æ–µ - –Ω–µ –æ—á–µ–Ω—å. –§–∏–ª—å–º —Ç—è–Ω–µ—Ç –Ω–∞ 8 –∏–∑ 10"",8,2019-09-24T21:08:21.567Z,101,3"
"7,""–ù–∏—á–µ–≥–æ –Ω–µ –ø–æ–Ω—è—Ç–Ω–æ. –û–Ω–∏ —Ç–∞–º —á—Ç–æ, —Å—Ç—Ä–∞–Ω–∏—Ü—ã —Å—Ü–µ–Ω–∞—Ä–∏—è –ø–µ—Ä–µ–ø—É—Ç–∞–ª–∏? –ï–≥–æ —Å–ø–µ—Ä–≤–∞ —É–±–∏–ª–∏, –∞ –ø–æ—Ç–æ–º –æ–Ω –æ–ø—è—Ç—å –∂–∏–≤, –∞ –æ–Ω–∏ —Å–ø–µ—Ä–≤–∞ –≤ —Ñ—É—Ç–±–æ–ª–∫–∞—Ö, –ø–æ—Ç–æ–º –≤ –∫–æ—Å—Ç—é–º–∞—Ö, –∞ –ø–æ—Ç–æ–º –æ–ø—è—Ç—å –≤ —Ñ—É—Ç–±–æ–ª–∫–∞—Ö. –ï—Ä—É–Ω–¥–∞ –ø–æ–ª–Ω–∞—è"",1,2019-09-24T21:08:21.567Z,101,5"
"22,""–ú–Ω–µ –∫–∞–∂–µ—Ç—Å—è, —á—Ç–æ —è –≤–ø—É—Å—Ç—É—é –ø–æ—Ç–µ—Ä—è–ª –≤—Ä–µ–º—è. –°—Ç–∞–≤–ª—é 2"",2,2019-09-24T21:08:21.567Z,101,8"
"27,""–ü–µ—Ä–≤—ã–π —Ä–∞–∑ –≤ –∂–∏–∑–Ω–∏ —Ä–µ—à–∏–ª–∞ –Ω–∞–ø–∏—Å–∞—Ç—å –æ—Ç–∑—ã–≤,—á—Ç–æ–±—ã –ø—Ä–µ–¥–æ—Å—Ç–µ—Ä–µ—á—å –æ—Ç –ø–æ—Ç–µ—Ä–∏ –¥–µ–Ω–µ–≥ –Ω–∞ –±–∏–ª–µ—Ç –∏ —Ç—Ä–∞—Ç—ã –≤—Ä–µ–º–µ–Ω–∏ –Ω–∞ –ø—Ä–æ—Å–º–æ—Ç—Ä. –ö –∏–≥—Ä–µ –∞–∫—Ç–µ—Ä–æ–≤ –ø—Ä–µ—Ç–µ–Ω–∑–∏–π –Ω–µ—Ç"",2,2019-09-24T21:08:21.567Z,101,10"
"32,""–§–∏–ª—å–º –∏–Ω—Ç–µ—Ä–µ—Å–Ω—ã–π,–Ω–æ –Ω–µ –¥–æ—Ä–∞–±–æ—Ç–∞–Ω–Ω—ã–π.–û—Å—Ç—Ä–æ—Ç—ã —Å—é–∂–µ—Ç–∞ –Ω–µ —Ö–≤–∞—Ç–∞–µ—Ç"",8,2019-09-24T21:08:21.567Z,101,12"
"37,""–§–∏–ª—å–º —Å—Ç–æ–∏—Ç —É–≤–∏–¥–µ—Ç—å —Ç–µ–º, –∫–æ–º—É –∏–Ω—Ç–µ—Ä–µ—Å–Ω–æ —Å–æ–≤—Ä–µ–º–µ–Ω–Ω–æ–µ –∫–∏–Ω–æ. –ù–µ —Å–∫—É—á–Ω–æ, –Ω–µ –∑–∞—Ç—è–Ω—É—Ç–æ, –ø–æ–Ω—Ä–∞–≤–∏–ª–∞—Å—å –æ–ø–µ—Ä–∞—Ç–æ—Ä—Å–∫–∞—è —Ä–∞–±–æ—Ç–∞, –Ω–µ–∫–æ—Ç–æ—Ä—ã–µ —Å—Ü–µ–Ω—ã —Å–¥–µ–ª–∞–Ω—ã –Ω–∞ —Ö–æ—Ä–æ—à–µ–º —É—Ä–æ–≤–Ω–µ"",8,2019-09-24T21:08:21.567Z,101,13"
"12,""–ù–µ–¥–∞–≤–Ω–æ –∏–º–µ–Ω–Ω–æ —Ç–∞–∫ —è –∏–∑–æ–±—Ä—ë–ª –≤–µ—á–Ω—ã–π –¥–≤–∏–≥–∞—Ç–µ–ª—å! –ß–∏—Å—Ç–∞—è –ø—Ä–∞–≤–¥–∞ –≤ —Ñ–∏–ª—å–º–µ, –ø–æ—á–µ–º—É –æ–Ω –Ω–∞–∑–≤–∞–Ω """"—Ñ–∞–Ω—Ç–∞—Å—Ç–∏–∫–æ–π"""", —ç—Ç–æ –∂–µ –ø–æ–ª–Ω–µ–π—à–∏–π —Ä–µ–∞–ª–∏–∑–º!"
–í–æ—Ç —Ü–∏—Ç–∞—Ç–∞. –ù–æ –∑–∞—á–µ–º –µ–º—É —á–∞—Å—ã –≤ —É–±–æ—Ä–Ω–æ–π?!
"‚Äî –í —Ç–æ—Ç –¥–µ–Ω—å —è –∏–∑–æ–±—Ä—ë–ª –ø—É—Ç–µ—à–µ—Å—Ç–≤–∏–µ –≤–æ –≤—Ä–µ–º–µ–Ω–∏! –ö–∞–∫ —Å–µ–π—á–∞—Å –ø–æ–º–Ω—é‚Ä¶ –Ø —Å—Ç–æ—è–ª –Ω–∞ —É–Ω–∏—Ç–∞–∑–µ –∏ –≤–µ—à–∞–ª —á–∞—Å—ã. –í–¥—Ä—É–≥ –ø–æ–¥—Å–∫–æ–ª—å–∑–Ω—É–ª—Å—è, —É–¥–∞—Ä–∏–ª—Å—è –≥–æ–ª–æ–≤–æ–π –æ —Ä–∞–∫–æ–≤–∏–Ω—É"",8,2019-09-24T21:08:21.567Z,101,14"
"42,""–ü–æ—Å–ª–µ –ø—Ä–æ—Å–º–æ—Ç—Ä–∞ —Ä–∞–∑–æ—á–∞—Ä–æ–≤–∞–Ω–∏–µ –≥—Ä–∞–Ω–∏—á–∏—Ç —Å —à–æ–∫–æ–º. –ë–µ–∑–¥–∞—Ä–Ω—ã–π —Ñ–∏–ª—å–º, –∫–∞–∫ –ø—Ä–µ–¥—ã–¥—É—â–∏–π –æ—Ç —ç—Ç–æ–≥–æ –∂–µ —Ä–µ–∂–∏—Å—Å–µ—Ä–∞. –ù–µ —Ä–µ–∫–æ–º–µ–Ω–¥—É—é –Ω–∏–∫–æ–º—É! –ü–ª–æ—Ö–æ, –Ω–µ–ø—Ä–∞–≤–¥–æ–ø–æ–¥–æ–±–Ω–æ, —Å–∫–æ–º–∫–∞–Ω–æ —Å–Ω—è—Ç–æ."",2,2019-09-24T21:08:21.567Z,101,16"
"47,""–ù–µ–ø—Ä–∞–≤–¥–æ–ø–æ–¥–æ–±–Ω—ã–π, –Ω–µ–ª–æ–≥–∏—á–Ω—ã–π, –±–µ—Å—Å–º—ã—Å–ª–µ–Ω–Ω—ã–π —Ñ–∏–ª—å–º. –ü—Ä–æ—Å—Ç–æ –Ω–∏–∫–∞–∫–æ–π, –º–æ–∂–µ—Ç–µ –¥–∞–∂–µ –Ω–µ —Å–º–æ—Ç—Ä–µ—Ç—å, —Å—É—Ç–∏ –Ω–µ —É–ª–æ–≤–∏—Ç–µ. –ú–Ω–µ –ø–æ–Ω—Ä–∞–≤–∏–ª—Å—è"",10,2019-09-24T21:08:21.567Z,101,19"
52,–°—É—Ä–æ–≤—ã–µ –∞–º–µ—Ä–∏–∫–∞–Ω—Å–∫–∏–µ —Å–µ–º–∏–¥–µ—Å—è—Ç—ã–µ –≤ –¥–æ–∫—É–º–µ–Ω—Ç–∞–ª—å–Ω–æ–º –∏–∑–ª–æ–∂–µ–Ω–∏–∏. –ö–∞–∫ –∞–≤—Ç–æ—Ä –¥–æ–∂–∏–ª –¥–æ 2005-–≥–æ –≥–æ–¥–∞ ‚Äî –∑–∞–≥–∞–¥–∫–∞. –ù–æ —Ä–æ–º–∞–Ω –ø—Ä–µ–∫—Ä–∞—Å–Ω—ã–π.,10,2019-09-24T21:08:21.567Z,101,21
57,–ù–µ –ø–æ–Ω—è–ª –≤–æ–æ–±—â–µ –Ω–∏—á–µ–≥–æ,1,2019-09-24T21:08:21.567Z,101,23
"67,""–°–ª—É—à–∞—é –∏ –ø–ª–∞—á—É. –ü–ª–∞—á—É, –Ω–æ —Å–ª—É—à–∞—é"",10,2019-09-24T21:08:21.567Z,101,26"
"72,""–ú—ã –ø—Ä—ã–≥–∞–ª–∏, –≤–µ—Ä—Ç–µ–ª–∏—Å—å –∏ –∫—Ä—É–∂–∏–ª–∏—Å—å —Ç–∞–∫, —á—Ç–æ –ø–æ–ª —Ö–æ–¥–∏–ª —Ö–æ–¥—É–Ω–æ–º!"",10,2019-09-24T21:08:21.567Z,101,29"
"3,""–§–∏–ª—å–º, —Ä–∞–∑–æ–±—Ä–∞–Ω–Ω—ã–π –Ω–∞ —Ü–∏—Ç–∞—Ç—ã, –¥–æ—Å—Ç–æ–∏–Ω –≤—ã—Å—à–µ–π –æ—Ü–µ–Ω–∫–∏. –î–µ—Å—è—Ç—å —Å –ø–ª—é—Å–æ–º (–∂–∞–ª—å, —Ç—É—Ç –ø–ª—é—Å–∞ –Ω–µ—Ç)"
"–¢—ã –ø—Ä–∏—à–µ–ª –∏ –≥–æ–≤–æ—Ä–∏—à—å: """"–î–æ–Ω –ö–æ—Ä–ª–µ–æ–Ω–µ, –º–Ω–µ –Ω—É–∂–Ω–∞ —Å–ø—Ä–∞–≤–µ–¥–ª–∏–≤–æ—Å—Ç—å"""". –ù–æ —Ç—ã –ø—Ä–æ—Å–∏—à—å –±–µ–∑ —É–≤–∞–∂–µ–Ω–∏—è, —Ç—ã –Ω–µ –ø—Ä–µ–¥–ª–∞–≥–∞–µ—à—å –¥—Ä—É–∂–±—É, —Ç—ã –¥–∞–∂–µ –Ω–µ –Ω–∞–∑–≤–∞–ª –º–µ–Ω—è –ö—Ä–µ—Å—Ç–Ω—ã–º –û—Ç—Ü–æ–º."""""",10,2019-09-24T21:08:21.567Z,102,2"
"18,""–°–∫–∞—á–∞–ª, –ø–æ—Å–º–æ—Ç—Ä–µ–ª, –¥—É–º–∞—é, —á—Ç–æ –∞–∫—Ç—ë—Ä—ã —Ç–∞–∫ —Å–µ–±–µ, —Å—Ü–µ–Ω–∞—Ä–∏–π —Ö–æ—Ä–æ—à–∏–π. –î–∏–∞–ª–æ–≥–∏ –ø—Ä–µ–∫—Ä–∞—Å–Ω—ã–µ, —Ç–∞–∫ —á—Ç–æ –ø—É—Å—Ç—å –±—É–¥–µ—Ç –≤–æ—Å–µ–º—å –∑–≤–µ–∑–¥"",8,2019-09-24T21:08:21.567Z,102,4"
"8,""–û—á–µ–Ω—å –ø–æ—É—á–∏—Ç–µ–ª—å–Ω—ã–π —Ñ–∏–ª—å–º –æ —Ç–æ–º, —á—Ç–æ —Ç–∞–∫–æ–µ —Ö–æ—Ä–æ—à–æ, —á—Ç–æ —Ç–∞–∫–æ–µ –ø–ª–æ—Ö–æ –∏ –ø–æ—á–µ–º—É –Ω–µ –Ω–∞–¥–æ —á–∏—Ç–∞—Ç—å –≤ —Ç—É–∞–ª–µ—Ç–µ."
"–¢–≤–µ—Ä–¥–∞—è –≤–æ—Å—å–º—ë—Ä–∫–∞"",8,2019-09-24T21:08:21.567Z,102,5"
"23,""–ü–æ—Å–º–æ—Ç—Ä–µ–ª–∞. –ê–∫—Ç—ë—Ä—ã —Ç–∞–∫ —Å–µ–±–µ, —Å—Ü–µ–Ω–∞—Ä–∏–π —Ö–æ—Ä–æ—à–∏–π. –£—Å–Ω—É–ª–∞ –∫ —Å–µ—Ä–µ–¥–∏–Ω–µ. –ù–µ —Ä–∞–∑–¥—É–º—ã–≤–∞—è, —Å—Ç–∞–≤–ª—é –¥–≤–æ–π–∫—É "",2,2019-09-24T21:08:21.567Z,102,8"
"28,""2 —á–∞—Å–∞ —Å–º–æ—Ç—Ä—è—Ç—Å—è –Ω–∞ –æ–¥–Ω–æ–º –¥—ã—Ö–∞–Ω–∏–∏. –°–ø–µ—Ü—ç—Ñ—Ñ–µ–∫—Ç—ã –Ω–∞ —É—Ä–æ–≤–Ω–µ —Ñ–∏–ª—å–º–æ–≤ –ú–∞—Ä–≤–µ–ª–∞. –°–º–æ—Ç—Ä–µ–ª–∏ –≤—Å–µ–π —Å–µ–º—å–µ–π. –ü–æ—Å–º–æ—Ç—Ä–µ–ª –Ω–µ—Å–∫–æ–ª—å–∫–æ –æ—Ç–∑—ã–≤–æ–≤, –ø–æ–Ω—è–ª , —á—Ç–æ —Ñ–∏–ª—å–º —Å—Ç–æ–∏—Ç –ø–æ—Å–º–æ—Ç—Ä–µ—Ç—å"",10,2019-09-24T21:08:21.567Z,102,10"
"33,""–°–∞–º–∞—è —Å–∏–ª—å–Ω–∞—è –∫–∞—Ä—Ç–∏–Ω–∞ –∑–∞ –ø–æ—Å–ª–µ–¥–Ω–µ–µ –≤—Ä–µ–º—è. –§–∏–ª—å–º –∑–∞—Å—Ç–∞–≤–ª—è–µ—Ç –ø–ª–∞–∫–∞—Ç—å, —Ä–∞–¥–æ–≤–∞—Ç—å—Å—è, –≥—Ä—É—Å—Ç–∏—Ç—å, –¥–µ—Ä–∂–∏—Ç –≤ –Ω–∞–ø—Ä—è–∂–µ–Ω–∏–∏"",10,2019-09-24T21:08:21.567Z,102,12"
"13,""–í–µ–ª–∏–∫–∏–π —Ñ–∏–ª—å–º, –∂–∞–ª—å —Ç–æ–ª—å–∫–æ, —á—Ç–æ –±—É–¥—É—â–µ–µ, –∫–æ—Ç–æ—Ä–æ–µ –≤ –Ω—ë–º –ø–æ–∫–∞–∑–∞–Ω–æ, —É–∂–µ –≤ –ø—Ä–æ—à–ª–æ–º. –ù–æ –ø—Ä–æ–±–ª–µ–º—ã –≤—Å—ë —Ç–µ–∂–µ, –≤–æ—Ç –∫–∞–∫ —ç—Ç–∞, –Ω–∞–ø—Ä–∏–º–µ—Ä: ¬´–î–æ–∫, –ø–æ—Å–ª—É—à–∞–π, –≤—Å—ë, —á—Ç–æ –Ω–∞–º –Ω—É–∂–Ω–æ ‚Äî —ç—Ç–æ –Ω–µ–º–Ω–æ–≥–æ –ø–ª—É—Ç–æ–Ω–∏—è!¬ª"
"–í—Å–µ–≥–¥–∞ –Ω–µ —Ö–≤–∞—Ç–∞–µ—Ç –∫–∞–∫–æ–π-–Ω–∏–±—É–¥—å –º–µ–ª–æ—á–∏. –°–µ–º—ë—Ä–∫–∞ –∑–∞ —Ç–æ, —á—Ç–æ –±—É–¥—É—â–µ–µ –æ–∫–∞–∑–∞–ª–æ—Å—å –Ω–µ —Ç–∞–∫–∏–º, –∫–∞–∫ –æ–±–µ—â–∞–ª–∏."",7,2019-09-24T21:08:21.567Z,102,14"
38,–ú—É—Ç–æ—Ä–Ω–æ –∏ —Ç—è–∂–µ–ª–æ. –°—Ç–∞–≤–ª—é 2,2,2019-09-24T21:08:21.567Z,102,15
"43,""–§–∏–ª—å–º –º–æ—â–Ω—ã–π. –ì–ª–∞–≤–Ω–æ–µ - –Ω–µ –∑–∞–Ω–∏–º–∞—Ç—å —á—å—é-—Ç–æ –ø–æ–∑–∏—Ü–∏—é, –∞ —Å–º–æ—Ç—Ä–µ—Ç—å —Å–æ —Å—Ç–æ—Ä–æ–Ω—ã. –í–ø–µ—Ä–≤—ã–µ –≤–∏–∂—É, —á—Ç–æ–±—ã –±—ã–ª–æ —Ç–∞–∫ –¥–µ—Ç–∞–ª—å–Ω–æ –ø–æ–∫–∞–∑–∞–Ω—ã –ø–µ—Ä–µ–∂–∏–≤–∞–Ω–∏—è –∏ —ç–º–æ—Ü–∏–∏ –∫–∞–∂–¥–æ–≥–æ –≥–µ—Ä–æ—è. –í—Å–µ –Ω–∞ —Å–≤–æ–µ–º –º–µ—Å—Ç–µ. –ê–∫—Ç–µ—Ä—ã –∏ –≥—Ä–∞—Ñ–∏–∫–∞ –Ω–∞ –≤—ã—Å–æ—Ç–µ."",10,2019-09-24T21:08:21.567Z,102,16"
"48,""–ò–Ω—Ç–µ—Ä–µ—Å–Ω–æ –ø—Ä–æ–¥—É–º–∞–Ω–Ω—ã–π —Ñ–∏–ª—å–º, —Ü–µ–ø–ª—è–µ—Ç –Ω–µ–æ–±—ã—á–Ω—ã–º —Å—é–∂–µ—Ç–æ–º. –¥–ª–∏–Ω–Ω—ã–π, —á—Ç–æ –±—ã–≤–∞–µ—Ç –Ω–µ –≤–æ –≤—Å–µ—Ö —Ñ–∏–ª—å–º–∞—Ö. –ê–∫—Ç—ë—Ä—ã –∫—Ä—É—Ç—ã–µ. –í –æ–±—â–µ–º, –ø–æ—Å–º–æ—Ç—Ä–µ—Ç—å –º–æ–∂–Ω–æ."",8,2019-09-24T21:08:21.567Z,102,19"
"53,""–ú–Ω–æ–≥–∞–±—É–∫—É—Ñ. –ù–∏–∞—Å–∏–ª–∏–ª. –í –∞–Ω–Ω–æ—Ç–∞—Ü–∏–∏ –Ω–∞–ø–∏—Å–∞–Ω–æ ‚Äî ¬´–≤–µ–ª–∏–∫–∏–π —Ä–æ–º–∞–Ω¬ª, —Ç–∞–∫ —á—Ç–æ —Å—Ç–∞–≤–ª—é –º–∞–∫—Å–∏–º–∞–ª—å–Ω—É—é –æ—Ü–µ–Ω–∫—É"",10,2019-09-24T21:08:21.567Z,102,22"
"58,""–°–æ–≤—Å–µ–º –Ω–µ–ø–æ–Ω—è—Ç–Ω–æ, –Ω–æ –∑–¥–æ—Ä–æ–≤–æ"",8,2019-09-24T21:08:21.567Z,102,23"
"63,""–ù–µ –º–æ–∂–µ—Ç –±—ã—Ç—å —Ç–∞–∫–æ–≥–æ. –≠—Ç–æ –≤—Å—ë –ø—Ä–∏–¥—É–º–∞–Ω–æ, –∞–≤—Ç–æ—Ä –ø–æ–ø—ã—Ç–∞–ª—Å—è –æ–±–º–∞–Ω—É—Ç—å —á–∏—Ç–∞—Ç–µ–ª—è, –Ω–æ –º—ã, —á–∏—Ç–∞—Ç–µ–ª–∏, —É–º–Ω–µ–µ –µ–≥–æ. –ù–∞—Å –≤–æ–∫—Ä—É–≥ –ø–∞–ª—å—Ü–∞ –Ω–µ –æ–±–≤–µ–¥—ë—à—å!!"",2,2019-09-24T21:08:21.567Z,102,24"
68,–ö–∞–∫–æ–π-—Ç–æ –Ω–µ–ø–æ–Ω—è—Ç–Ω—ã–π —à—É–º. –ù–µ—É–∂–µ–ª–∏ —ç—Ç–æ –∫—Ç–æ-—Ç–æ —Å–ª—É—à–∞–µ—Ç?,1,2019-09-24T21:08:21.567Z,102,27
"75,""–ë–∞—Ö forever. –≠—Ç–æ –≤–∞–º –Ω–µ —Ç—Ä–∏ –∞–∫–∫–æ—Ä–¥–∞ –Ω–∞ –≥–∏—Ç–∞—Ä–µ, –∫–∞–∫ —É —Å–º–æ–∫ –æ–Ω –∑–µ –≤–æ—Ç–µ—Ä"",10,2019-09-24T21:08:21.567Z,102,32"
"4,""–ñ–µ—Å—Ç–æ–∫–∏–π, –∂–µ—Å—Ç–æ–∫–∏–π, –∂–µ—Å—Ç–æ–∫–∏–π –º–∏—Ä, –Ω–µ –æ —Ç–∞–∫–æ–º –º–µ—á—Ç–∞–ª–∏ –º—ã –≤ –¥–µ—Ç—Å—Ç–≤–µ!!111"
"***–û—Ç–µ—Ü —Å–¥–µ–ª–∞–ª –µ–º—É –ø—Ä–µ–¥–ª–æ–∂–µ–Ω–∏–µ, –æ—Ç –∫–æ—Ç–æ—Ä–æ–≥–æ –æ–Ω –Ω–µ —Å–º–æ–≥ –æ—Ç–∫–∞–∑–∞—Ç—å—Å—è. –õ—É–∫–∞ –ë—Ä–∞–∑–∏ –¥–µ—Ä–∂–∞–ª –ø–∏—Å—Ç–æ–ª–µ—Ç —É –µ–≥–æ –≤–∏—Å–∫–∞, –∏ –æ—Ç–µ—Ü –ø—Ä–µ–¥–ª–æ–∂–∏–ª –≤—ã–±–æ—Ä: –ª–∏–±–æ –Ω–∞ –∫–æ–Ω—Ç—Ä–∞–∫—Ç–µ –º–æ–∑–≥–∏, –ª–∏–±–æ –ø–æ–¥–ø–∏—Å—å.***"",1,2019-09-24T21:08:21.567Z,103,2"
"19,""–ü–æ—Å–º–æ—Ç—Ä–µ–ª. –ü–æ –º–æ–µ–º—É –º–Ω–µ–Ω–∏—é, –∞–∫—Ç—ë—Ä—ã —Ç–∞–∫ —Å–µ–±–µ, –Ω–æ —Å—Ü–µ–Ω–∞—Ä–∏–π —Ö–æ—Ä–æ—à–∏–π. –ü–µ—Ä–≤—É—é –ø–æ–ª–æ–≤–∏–Ω—É —Ñ–∏–ª—å–º–∞ –º–æ–∂–Ω–æ —Å–ø–∞—Ç—å, –Ω–µ –æ–ø–∞—Å–∞—è—Å—å, —á—Ç–æ —á—Ç–æ-—Ç–æ –ø—Ä–æ–ø—É—Å—Ç–∏—à—å. –ù–µ —Ä–∞–∑–¥—É–º—ã–≤–∞—è, —Å—Ç–∞–≤–ª—é —É–≤–µ—Ä–µ–Ω–Ω—É—é –¥–µ—Å—è—Ç–∫—É"",10,2019-09-24T21:08:21.567Z,103,4"
"9,""–ü–æ—Å–º–æ—Ç—Ä–µ–ª —Ñ–∏–ª—å–º. "
‚Äî –ù–∞ —Å–≤–µ—Ç–µ –µ—Å—Ç—å –¥–≤–∞ —Ç–∏–ø–∞ –ª—é–¥–µ–π: —Ç–µ, –∫—Ç–æ –∫–æ–ø–∞–µ—Ç –∏ —Ç–µ, —É –∫–æ–≥–æ –∑–∞—Ä—è–∂–µ–Ω —Ä–µ–≤–æ–ª—å–≤–µ—Ä.
–ü–æ–π–¥—É –∫–æ–ø–∞—Ç—å, –∫–∞–∫ –≤–µ–ª–µ–ª –ö–ª–∏–Ω—Ç. 
"–î–µ–≤—è—Ç—å –±–∞–ª–ª–æ–≤."",9,2019-09-24T21:08:21.567Z,103,6"
"24,""–í—Å–µ –æ—á–µ–Ω—å –¥–æ–ª–≥–æ –∂–¥–∞–ª–∏ –ø—Ä–µ–º—å–µ—Ä—É —Ñ–∏–ª—å–º–∞,–∏ –Ω–∞–∫–æ–Ω–µ—Ü –¥–æ–∂–¥–∞–ª–∏—Å—å.–§–∏–ª—å–º –æ—Ç–ª–∏—á–Ω—ã–π,–¥–æ–±—Ä—ã–π,—Å–º–æ—Ç—Ä–∏—Ç—Å—è –ø–æ—á—Ç–∏ –Ω–∞ –æ–¥–Ω–æ–º –¥—ã—Ö–∞–Ω–∏–∏,—Å –∑–∞–≤—è–∑–∞–Ω–Ω—ã–º —Å—é–∂–µ—Ç–æ–º –∏ –Ω–µ –º–µ–Ω–µ–µ –∫—Ä—É—Ç–æ–π –º—É–∑—ã–∫–æ–π.–ö–∏–Ω–æ –æ—á–µ–Ω—å –ø–æ–Ω—Ä–∞–≤–∏–ª–æ—Å—å!!!–í—Å–µ–º —Å–æ–≤–µ—Ç—É—é."",10,2019-09-24T21:08:21.567Z,103,9"
29,–î–µ–π—Å—Ç–≤–∏—è –ø–µ—Ä—Å–æ–Ω–∞–∂–µ–π –≤—ã–∑—ã–≤–∞—é—Ç –ø–æ—Å—Ç–æ—è–Ω–Ω—ã–π –≤–æ–ø—Ä–æ—Å—ã - —á—Ç–æ –∏ –∑–∞—á–µ–º –æ–Ω–∏ —ç—Ç–æ –¥–µ–ª–∞—é—Ç. –õ–æ–≥–∏–∫–∏ –ø—Ä–æ—Å—Ç–æ –Ω–µ—Ç. –ü–æ—Å–ª–µ –ø–æ–ª–æ–≤–∏–Ω—ã —Ñ–∏–ª—å–º–∞ —É–∂–µ —Ö–æ—á–µ—Ç—Å—è —É–π—Ç–∏,1,2019-09-24T21:08:21.567Z,103,11
"34,""–° –æ–≥—Ä–æ–º–Ω—ã–º —É–¥–æ–≤–æ–ª—å—Å—Ç–≤–∏–µ–º —Å—Ö–æ–¥–∏–ª–∞ –≤ –∫–∏–Ω–æ—Ç–µ–∞—Ç—Ä. –û–¥–Ω–æ—Ä–∞–∑–æ–≤—ã–µ —Ñ–∏–ª—å–º—ã, –Ω–∞–∑–≤–∞–Ω–∏—è –∫–æ—Ç–æ—Ä—ã—Ö –∑–∞–±—ã–≤–∞–µ—à—å –Ω–∞ –≤—ã—Ö–æ–¥–µ –∏–∑ –¥–≤–µ—Ä–µ–π –∫–∏–Ω–æ–∑–∞–ª–∞, —Ä–∞–∑–æ—á–∞—Ä–æ–≤—ã–≤–∞—é—Ç. –ò –≤–æ—Ç –Ω–∞—Å—Ç–æ—è—â–∏–π, –¥—É—à–µ–≤–Ω—ã–π, –∂–∏–∑–Ω–µ–Ω–Ω—ã–π —Ñ–∏–ª—å–º. –ò–≥—Ä–∞ –∞–∫—Ç–æ—Ä–æ–≤ –∏ —Å—é–∂–µ—Ç –±–æ–º–±–∏—á–µ—Å–∫–∏–µ."",9,2019-09-24T21:08:21.567Z,103,12"
"14,""–ë—É–¥—É—â–µ–µ –≤—ã–≥–ª—è–¥–∏—Ç —Å—Ç—Ä–∞–Ω–Ω–æ –∏ –Ω–µ–æ–∂–∏–¥–∞–Ω–Ω–æ, —Ç–æ–∂–µ –º–Ω–µ, –±–∏–Ω–æ–º –ù—å—é—Ç–æ–Ω–∞. –ù–æ –¥–∏–∞–ª–æ–≥ –ø—Ä–µ–∫—Ä–∞—Å–µ–Ω, –∏ –∑–∞ —ç—Ç–æ –Ω–µ —Å—Ç–∞–Ω—É —Å–∏–ª—å–Ω–æ –º–∏–Ω—É—Å–æ–≤–∞—Ç—å."
-- Then tell me, future boy, who's President of the United States in 1985?
#»Ãﬂ?
"-- Ronald Reagan? The actor? Then who's vice president? Jerry Lewis?"",4,2019-09-24T21:08:21.567Z,103,14"
"39,""–§–∏–ª—å–º –Ω–µ –æ–ø—Ä–∞–≤–¥–∞–ª –æ–∂–∏–¥–∞–Ω–∏–π. –°–ø–ª–æ—à–Ω–∞—è –∫–∞—à–∞, —Å–ª–∞–±—ã–π —Å—Ü–µ–Ω–∞—Ä–∏–π. –° —Ç—Ä—É–¥–æ–º –¥–æ—Å–º–æ—Ç—Ä–µ–ª–∞ –¥–æ –∫–æ–Ω—Ü–∞. –û–∂–∏–¥–∞–ª–∞ –Ω–µ—á—Ç–æ —Ç–∞–∫–æ–≥–æ –∏–Ω—Ç–µ—Ä–µ—Å–Ω–æ–≥–æ –∏ –∑–∞—Ö–≤–∞—Ç—ã–≤–∞—é—â–µ–µ. –ü–æ–ª–Ω–æ–µ —Ä–∞–∑–æ—á–∞—Ä–æ–≤–∞–Ω–∏–µ. –û—Ç–¥–µ–ª—å–Ω—ã–µ –Ω–µ—Å–≤—è–∑–Ω—ã–µ —Å—Ü–µ–Ω—ã, –Ω–µ–ø–æ–Ω—è—Ç–Ω—ã–µ –¥–∏–∞–ª–æ–≥–∏"",3,2019-09-24T21:08:21.567Z,103,15"
"44,""–ï—Å–ª–∏ —Ç–∞–∫–æ–π –∂–∞–Ω—Ä –≤–∞–º –ø–æ –≤–∫—É—Å—É, —Ç–æ –¥–∞–∂–µ –Ω–µ —Å–æ–º–Ω–µ–≤–∞–π—Ç–µ—Å—å - –±–µ–≥–æ–º –≤ –∫–∏–Ω–æ—Ç–µ–∞—Ç—Ä! –§–∏–ª—å–º - –æ–≥–æ–Ω—å! –ò–Ω—Ç–µ—Ä–µ—Å–Ω—ã–π —Å—é–∂–µ—Ç, –≤–µ–ª–∏–∫–æ–ª–µ–ø–Ω–∞—è –∏–≥—Ä–∞ –∞–∫—Ç—ë—Ä–æ–≤, —Å—ä—ë–º–∫–∏ –ø—Ä–æ—Å—Ç–æ —Å—É–ø–µ—Ä, –¥–∞ –∏ —Å–ø–µ—Ü—ç—Ñ—Ñ–µ–∫—Ç—ã –Ω–∞ –≤—ã—Å–æ—Ç–µ"",10,2019-09-24T21:08:21.567Z,103,17"
"49,""–í–Ω–∏–º–∞—Ç–µ–ª—å–Ω–æ —Å–ª–µ–∂—É –∑–∞ –≤—Å–µ–º–∏ –Ω–æ–≤—ã–º–∏ –∏–∑–¥–∞–Ω–∏—è–º–∏, –ø–æ–∫—É–ø–∞—é –∫–∞–∂–¥–æ–µ. –õ—É—á—à–∏–π —Ç—Ä–∏–ª–ª–µ—Ä —Ç—ã—Å—è—á–µ–ª–µ—Ç–∏—è ‚Äî —ç—Ç–æ ¬´–ö–æ–ª–æ–±–æ–∫¬ª"",10,2019-09-24T21:08:21.567Z,103,20"
"54,""–ï—Å–ª–∏ —Ç–∞–∫–æ–π –∂–∞–Ω—Ä –≤–∞–º –ø–æ –≤–∫—É—Å—É, —Ç–æ –¥–∞–∂–µ –Ω–µ —Å–æ–º–Ω–µ–≤–∞–π—Ç–µ—Å—å: —Å–∞–¥–∏—Ç–µ—Å—å —á–∏—Ç–∞—Ç—å! –†–æ–º–∞–Ω - –æ–≥–æ–Ω—å! –ò–Ω—Ç–µ—Ä–µ—Å–Ω—ã–π —Å—é–∂–µ—Ç, –≤–µ–ª–∏–∫–æ–ª–µ–ø–Ω—ã–µ –ø–µ—Ä—Å–æ–Ω–∞–∂–∏, –Ω–µ–±–æ –ê—É—Å—Ç–µ—Ä–ª–∏—Ü–∞ –∏ –≤—Å—Ç—Ä–µ—á–∞ —Å –¥—É–±–æ–º"",10,2019-09-24T21:08:21.567Z,103,22"
59,–ß—Ç–æ —ç—Ç–æ –±—ã–ª–æ?! –î–µ—Å—è—Ç–∫–∞ –∑–∞ —É—Ä–æ–≤–µ–Ω—å –Ω–µ–ø–æ–Ω—è—Ç–Ω–æ—Å—Ç–∏,10,2019-09-24T21:08:21.567Z,103,23
"64,""–í—Å—ë —Å–æ–≤–µ—Ä—à–µ–Ω–Ω–æ –Ω–µ —Ç–∞–∫, –∫–∞–∫ –Ω–∞ —Å–∞–º–æ–º –¥–µ–ª–µ, –∏ –≤ –¥–æ–∫—É–º–µ–Ω—Ç–∞–ª—å–Ω–æ–π –ø–æ–≤–µ—Å—Ç–∏ —ç—Ç–æ —Ö–æ—Ä–æ—à–æ –æ–ø–∏—Å–∞–Ω–æ"",9,2019-09-24T21:08:21.567Z,103,24"
"69,""–ù–∏—á–µ–≥–æ –Ω–µ –ø–æ–Ω—è—Ç–Ω–æ. –û —á—ë–º —ç—Ç–∞ –ø–µ—Å–Ω—è, —á–µ–º—É –æ–Ω–∞ —É—á–∏—Ç?"",2,2019-09-24T21:08:21.567Z,103,27"
"5,""–≠—Ç–æ –º–æ–∏ —Å–æ—Å–µ–¥–∏! –°—Ç–∞–≤–ª—é —Ç—Ä–∏ –∑–≤–µ–∑–¥—ã –∑–∞ —Ç–æ, —á—Ç–æ –æ–Ω–∏ –¥–≤–∞–∂–¥—ã –æ—Ç–¥–∞–≤–∏–ª–∏ –º–Ω–µ –æ–∫–Ω–æ–º –ø–∞–ª—å—Ü—ã:"
----------------------
‚Äî –í—ã –∂–∏–≤—ë—Ç–µ –≤ –ø–ª–æ—Ö–æ–º —Ä–∞–π–æ–Ω–µ?
"‚Äî –ù–µ —Ç–æ —Å–ª–æ–≤–æ. –û–¥–Ω–∞–∂–¥—ã —Å –Ω–∞—à–µ–π —É–ª–∏—Ü—ã —É–≥–Ω–∞–ª–∏ –ø–æ–ª–∏—Ü–µ–π—Å–∫—É—é –º–∞—à–∏–Ω—É —Å –¥–≤—É–º—è –ø–æ–ª–∏—Ü–µ–π—Å–∫–∏–º–∏. –í –¥–æ–º –≤—Å—ë –≤—Ä–µ–º—è –ª–µ–∑—É—Ç –≤–æ—Ä—ã. –ö–∞–∂–¥—ã–π —Ä–∞–∑, –∫–∞–∫ —è –ø—ã—Ç–∞—é—Å—å –∑–∞–∫—Ä—ã—Ç—å –æ–∫–Ω–æ, –ø—Ä–∏—â–µ–º–ª—è—é –∫–æ–º—É-–Ω–∏–±—É–¥—å –ø–∞–ª—å—Ü—ã."",3,2019-09-24T21:08:21.567Z,104,2"
"10,""–í–µ—á–Ω–∞—è –ø—Ä–æ–±–ª–µ–º–∞ –≤—Å–µ—Ö –∑–ª–æ–¥–µ–µ–≤, –±–æ–ª—Ç–∞—é—â–∏—Ö-–±–æ–ª—Ç–∞—é—â–∏—Ö-–±–æ–ª—Ç–∞—é—â–∏—Ö –≤–º–µ—Å—Ç–æ —Ç–æ–≥–æ, —á—Ç–æ–±—ã –ø—Ä–æ—Å—Ç–æ –∑–∞—Å—Ç—Ä–µ–ª–∏—Ç—å –ø—Ä–æ—Ç–∏–≤–Ω–∏–∫–∞, –æ–¥–Ω–∏–º –º–∞—Ö–æ–º —Ä–µ—à–µ–Ω–∞ –≤ —ç—Ç–æ–π —Å—Ü–µ–Ω–µ."
–ó–∞ –æ–¥–Ω–æ —ç—Ç–æ —Ñ–∏–ª—å–º –∑–∞—Å–ª—É–∂–∏–≤–∞–µ—Ç –≤—ã—Å—à–µ–≥–æ –±–∞–ª–ª–∞
"–ü—Ä–∏—à–µ–ª —Å—Ç—Ä–µ–ª—è—Ç—å - —Å—Ç—Ä–µ–ª—è–π, –∞ –Ω–µ –±–æ–ª—Ç–∞–π!"""""",10,2019-09-24T21:08:21.567Z,104,6"
"20,""–°–∫–∞–∂—É —Ç–µ–º, –∫—Ç–æ –µ—â—ë –Ω–µ —Å–º–æ—Ç—Ä–µ–ª: –µ—Å–ª–∏ –±—ã —è –±—ã–ª —Ä–µ–∂–∏—Å—Å—ë—Ä–æ–º —ç—Ç–æ–≥–æ —Ñ–∏–ª—å–º–∞ - —è –±—ã –Ω–µ –≥–æ—Ä–¥–∏–ª—Å—è. –û–ø–µ—Ä–∞—Ç–æ—Ä–∞ —É–≤–æ–ª–∏—Ç—å, —Ñ–∏–ª—å–º –ø–æ–ª—É—á–∏–ª—Å—è —Ç–∞–∫ —Å–µ–±–µ, –Ω–æ –æ–¥–∏–Ω —Ä–∞–∑ –ø–æ—Å–º–æ—Ç—Ä–µ—Ç—å - —Å–æ–π–¥—ë—Ç. –ê–≤—Ç–æ—Ä—ã —á–µ—Å—Ç–Ω–æ –∑–∞—Å–ª—É–∂–∏–ª–∏ 5 –∏–∑ 10"",5,2019-09-24T21:08:21.567Z,104,7"
25,–û—Ç—Å—Ç–æ–π-—Ñ–∏–ª—å–º. –ù–µ —Ö–æ–¥–∏—Ç–µ,1,2019-09-24T21:08:21.567Z,104,9
"30,""–õ—É—á—à–∏–π —Ñ–∏–ª—å–º, –æ–¥–Ω–æ–∑–Ω–∞—á–Ω–æ. –®–µ–¥–µ–≤—Ä. –ù–æ —Å–ª–µ–¥—É–µ—Ç –ø–æ–Ω–∏–º–∞—Ç—å, —á—Ç–æ —ç—Ç–æ –Ω–µ –∫–∏–Ω–æ –ø–æ–¥ –ø–∏–≤–æ –¥–ª—è –º–æ–ª–æ–¥–µ–∂–∏. –°—Ç–∏–ª—å–Ω–æ —Å–Ω—è—Ç–æ, –Ω–∞ –æ–¥–Ω–æ–º –¥—ã—Ö–∞–Ω–∏–∏"
"—Å–º–æ—Ç—Ä–∏—Ç—Å—è, –ø–µ—Ä—Å–æ–Ω–∞–∂–∏ –≤–µ–ª–∏–∫–æ–ª–µ–ø–Ω—ã"",10,2019-09-24T21:08:21.567Z,104,11"
"35,""–ß—Ç–æ —Å–∫–∞–∑–∞—Ç—å –ø–æ—Å–ª–µ –ø—Ä–æ—Å–º–æ—Ç—Ä–∞? –ù–∏—á–µ–≥–æ. –¢–∞–∫–æ–µ –æ—â—É—â–µ–Ω–∏–µ, —á—Ç–æ —Ç–µ–±—è –æ–±–º–∞–Ω—É–ª–∏, –∑–∞—Å—Ç–∞–≤–∏–ª–∏ —Å–º–æ—Ç—Ä–µ—Ç—å –∑–∞ —Ç–≤–æ–∏ –¥–µ–Ω—å–≥–∏ –Ω–∞ —Å—Ç–µ–Ω—É"",1,2019-09-24T21:08:21.567Z,104,13"
"40,""–ú–Ω–µ —Ñ–∏–ª—å–º –ø–æ–Ω—Ä–∞–≤–∏–ª—Å—è. –í—Å–µ –∫–∞—á–µ—Å—Ç–≤–µ–Ω–Ω–æ,–∫—Ä–∞—Å–∏–≤–æ. –ò–≥—Ä–∞ –∞–∫—Ç–µ—Ä–æ–≤, –≤ –æ—Å–Ω–æ–≤–Ω–æ–º, –æ—á–µ–Ω—å –¥–∞–∂–µ. –ù–æ —Å–ª–∏—à–∫–æ–º –º–Ω–æ–≥–æ, –¥–ª—è –º–µ–Ω—è –∫—Ä–æ–≤–∞–≤—ã—Ö —Å—Ü–µ–Ω,—Å–ª–∞–±–æ–Ω–µ—Ä–≤–Ω—ã–º –ø—Ä–æ—Å—å–±–∞ –Ω–µ —Å–º–æ—Ç—Ä–µ—Ç—å"",9,2019-09-24T21:08:21.567Z,104,15"
"15,""–ù–µ—É–∂–µ–ª–∏ –∏–∑ —Ç—é—Ä—å–º—ã —Ç–∞–∫ –ª–µ–≥–∫–æ –±—ã–ª–æ —Å–±–µ–∂–∞—Ç—å? –†–∞–∑ - –∏ —Ç—ã –Ω–∞ —Å–≤–æ–±–æ–¥–µ. –î–∞, –ø–æ–±–µ–≥ –∏–∑ –®–æ—É—à–µ–Ω–∫–∞ –ø—Ä–∏—à–ª–æ—Å—å –≥–æ—Ç–æ–≤–∏—Ç—å –Ω–µ–º–Ω–æ–≥–æ –¥–æ–ª—å—à–µ. –ü—è—Ç—å –∑–∞ —Å–æ—Ü—Ä–µ–∞–ª–∏–∑–º"",5,2019-09-24T21:08:21.567Z,104,17"
"45,""–°—é–∂–µ—Ç, –º—ã—Å–ª—å, —Ñ–∏–ª–æ—Å–æ—Ñ–∏—è, –∏–≥—Ä–∞ –∞–∫—Ç–µ—Ä–æ–≤, —ç–º–æ—Ü–∏–∏ - –±–ª–µ—Å–∫! –°—é–∂–µ—Ç –¥–∏–Ω–∞–º–∏—á–Ω—ã–π, –∏–≥—Ä–∞ –∞–∫—Ç—ë—Ä–æ–≤ —Ö–æ—Ä–æ—à–∞, –Ω–æ –Ω–µ –∏–¥–µ–∞–ª—å–Ω–∞."",8,2019-09-24T21:08:21.567Z,104,18"
"50,""–ê –≤–æ—Ç —É –∫–∏–ø—á–∞–∫–æ–≤ ¬´–∫–æ–ª–æ–±–æ–∫¬ª ‚Äî —à–∞—Ä–∏–∫ –∏–∑ –Ω–∞–≤–æ–∑–∞! –ò —Å–∫–∞–∑–∫–∞ –ø—Ä–∏–æ–±—Ä–µ—Ç–∞–µ—Ç —Å–æ–≤—Å–µ–º –¥—Ä—É–≥–æ–π —Å–º—ã—Å–ª! ¬´–ù–µ —Ö–∏—Ç—Ä–∏, –∞ —Ç–æ –Ω–∞–≤–æ–∑–∞ –Ω–∞–∫—É—à–∞–µ—à—å—Å—è!¬ª"",10,2019-09-24T21:08:21.567Z,104,20"
"55,""–Ø –í–∏–ú –≤ —à–∫–æ–ª–µ —á–∏—Ç–∞–ª (–∑–∞—Å—Ç–∞–≤–ª—è–ª–∏), –∞ –ø–æ—Ç–æ–º –æ–ø—è—Ç—å —Å–ª—É—á–∞–π–Ω–æ –ø—Ä–æ—á—ë–ª, –∏ –æ–∫–∞–∑–∞–ª–æ—Å—å, —á—Ç–æ –æ–Ω –∏ –ø—Ä–∞–≤–ª–∞ –≤–µ–ª–∏–∫–∏–π, –∞ –Ω–µ –ø—Ä–æ—Å—Ç–æ —Ç–∞–∫. –ù–µ —Å—Ç–∞–≤–ª—é –¥–µ—Å—è—Ç–∫—É —Ç–æ–ª—å–∫–æ –≤ –ø–∞–º—è—Ç—å –æ —à–∫–æ–ª—å–Ω—ã—Ö –º—É—á–µ–Ω–∏—è—Ö"",8,2019-09-24T21:08:21.567Z,104,22"
"60,""–î–µ—Ç–∞–ª—å–Ω–æ –∫–æ–º–º–µ–Ω—Ç–∏—Ä–æ–≤–∞—Ç—å –Ω–µ –±—É–¥—É, –Ω–æ —ç—Ç–æ —à–µ–¥–µ–≤—Ä"",10,2019-09-24T21:08:21.567Z,104,23"
"65,""–ï—Å–ª–∏ –±—ã —è —Ç–æ–ª—å–∫–æ –º–æ–≥ –Ω–∞ –º–∏–Ω—É—Ç–∫—É –ø–µ—Ä–µ—Å—Ç–∞—Ç—å –±—É–º–∫–∞—Ç—å –≥–æ–ª–æ–≤–æ–π –ø–æ —Å—Ç—É–ø–µ–Ω—å–∫–∞–º –∏ –∫–∞–∫ —Å–ª–µ–¥—É–µ—Ç —Å–æ—Å—Ä–µ–¥–æ—Ç–æ—á–∏—Ç—å—Å—è ‚Äî —è –±—ã –Ω–∞–ø–∏—Å–∞–ª –ø—Ä–µ–∫—Ä–∞—Å–Ω—ã–π –æ—Ç–∑—ã–≤. –ù–æ —É–≤—ã ‚Äî —Å–æ—Å—Ä–µ–¥–æ—Ç–æ—á–∏—Ç—å—Å—è-—Ç–æ –º–Ω–µ –∏ –Ω–µ–∫–æ–≥–¥–∞: —É—á—ë–±–∞, —Ä–∞–±–æ—Ç–∞. –ü—Ä–æ—Å—Ç–æ –ø–æ—Å—Ç–∞–≤–ª—é –ø—è—Ç—ë—Ä–∫—É"",10,2019-09-24T21:08:21.567Z,104,25"
70,–ô—ç–Ω –ê–Ω–¥–µ—Ä—Å–æ–Ω –≤–µ–ª–∏–∫–∏–π!!!!!!!!1111,10,2019-09-24T21:08:21.567Z,104,28
"73,""–≠—Ç–æ –µ–¥–∏–Ω—Å—Ç–≤–µ–Ω–Ω—ã–π —Ä–∏—Ñ, –∫–æ—Ç–æ—Ä—ã–π —è —É–º–µ—é –∏–≥—Ä–∞—Ç—å –Ω–∞ —Å–≤–æ–µ–π —Å—É–ø–µ—Ä–¥–æ—Ä–æ–≥–æ–π –≥–∏—Ç–∞—Ä–µ! –ú–æ—è –ª—é–±–∏–º–∞—è –ø–µ—Å–Ω—è"",10,2019-09-24T21:08:21.567Z,104,30"
